{
    "$schema": "https://schema.management.azure.com/schemas/2015-01-01/deploymentParameters.json#",
    "contentVersion": "1.0.0.0",
    "parameters": {
        "sites_eizdf_func_name": {
            "value": null
        },
        "serverfarms_EastUS2Plan_name": {
            "value": null
        },
        "components_eizdf_func_name": {
            "value": null
        },
        "storageAccounts_eizdfstg_name": {
            "value": null
        },
        "namespaces_eizdf_servicebus_name": {
            "value": null
        },
        "storageAccounts_aztblogsv12u2gzyv3w2zong_name": {
            "value": null
        },
        "actionGroups_Application_Insights_Smart_Detection_name": {
            "value": null
        },
        "smartdetectoralertrules_failure_anomalies___eizdf_func_name": {
            "value": null
        },
        "workspaces_DefaultWorkspace_13c9725f_d20a_4c99_8ef4_d7bb78f98cff_EUS2_externalid": {
            "value": null
        }
    }
}